"naerk";"naerk_tekst";"naerk_tekst_engelsk"
"00.000";"Uoppgitt";"Unknown"
"01.110";"Dyrking av korn (unntatt ris), belgvekster og oljeholdige vekster";"Growing of cereals (except rice), leguminous crops and oil seeds"
"01.120";"Dyrking av ris";"Growing of rice"
"01.130";"Dyrking av grønnsaker, meloner, rot- og knollvekster";"Growing of vegetables and melons, roots and tubers"
"01.140";"Dyrking av sukkerrør";"Growing of sugar cane"
"01.150";"Dyrking av tobakk";"Growing of tobacco"
"01.160";"Dyrking av fibervekster";"Growing of fibre crops"
"01.190";"Dyrking av ettårige vekster ellers";"Growing of other non-perennial crops"
"01.210";"Dyrking av druer";"Growing of grapes"
"01.220";"Dyrking av tropiske og subtropiske frukter";"Growing of tropical and subtropical fruits"
"01.230";"Dyrking av sitrusfrukter";"Growing of citrus fruits"
"01.240";"Dyrking av kjernefrukter og steinfrukter";"Growing of pome fruits and stone fruits"
"01.250";"Dyrking av annen frukt som vokser på trær eller busker samt nøtter";"Growing of other tree and bush fruits and nuts"
"01.260";"Dyrking av oljeholdige frukter";"Growing of oleaginous fruits"
"01.270";"Dyrking av vekster for produksjon av drikkevarer";"Growing of beverage crops"
"01.280";"Dyrking av krydder og aromatiske, medisinske og farmasøytiske vekster";"Growing of spices, aromatic, drug and pharmaceutical crops"
"01.290";"Dyrking av flerårige vekster ellers";"Growing of other perennial crops"
"01.300";"Planteformering";"Plant propagation"
"01.410";"Melkeproduksjon på storfe";"Raising of dairy cattle"
"01.420";"Oppdrett av annet storfe";"Raising of other cattle and buffaloes"
"01.430";"Oppdrett av hester og andre dyr av hestefamilien";"Raising of horses and other equines"
"01.440";"Oppdrett av kameler og andre kameldyr";"Raising of camels and camelids"
"01.451";"Sauehold";"Raising of sheep"
"01.452";"Geitehold";"Raising of goats"
"01.460";"Svinehold";"Raising of swine/pigs"
"01.471";"Hold av verpehøner for konsumeggproduksjon";"Farming of laying hens for production of eggs for consumption"
"01.479";"Annet fjørfehold";"Raising of other poultry"
"01.490";"Husdyrhold ellers";"Raising of other animals"
"01.500";"Kombinert husdyrhold og planteproduksjon";"Mixed farming"
"01.610";"Tjenester tilknyttet planteproduksjon";"Support activities for crop production"
"01.620";"Tjenester tilknyttet husdyrhold";"Support activities for animal production"
"01.630";"Etterbehandling av vekster etter innhøsting";"Post-harvest crop activities"
"01.640";"Behandling av såfrø";"Seed processing for propagation"
"01.700";"Jakt, viltstell og tjenester tilknyttet jakt og viltstell";"Hunting, trapping and related service activities"
"02.100";"Skogskjøtsel og andre skogbruksaktiviteter";"Silviculture and other forestry activities"
"02.200";"Avvirkning";"Logging"
"02.300";"Innsamling av viltvoksende produkter av annet enn tre";"Gathering of wild growing non-wood products"
"02.400";"Tjenester tilknyttet skogbruk";"Support services to forestry"
"03.111";"Hav- og kystfiske";"Ocean and coastal water fishing"
"03.112";"Hvalfangst";"Whaling"
"03.120";"Ferskvannsfiske";"Freshwater fishing"
"03.211";"Produksjon av matfisk og skalldyr i hav- og kystbasert fiskeoppdrett";"Operation of marine fish farms"
"03.212";"Produksjon av yngel og settefisk i hav- og kystbasert fiskeoppdrett";"Operation of marine hatcheries"
"03.213";"Tjenester tilknyttet hav- og kystbasert fiskeoppdrett";"Marine fish farming services"
"03.221";"Produksjon av matfisk og skalldyr i ferskvannsbasert fiskeoppdrett";"Operation of freshwater fish farms"
"03.222";"Produksjon av yngel og settefisk i ferskvannsbasert fiskeoppdrett";"Operation of freshwater hatcheries"
"03.223";"Tjenester tilknyttet ferskvannsbasert fiskeoppdrett";"Freshwater fish farming services"
"05.100";"Bryting av steinkull";"Mining of hard coal"
"05.200";"Bryting av brunkull";"Mining of lignite"
"06.100";"Utvinning av råolje";"Extraction of crude petroleum"
"06.200";"Utvinning av naturgass";"Extraction of natural gas"
"07.100";"Bryting av jernmalm";"Mining of iron ores"
"07.210";"Bryting av uran- og thoriummalm";"Mining of uranium and thorium ores"
"07.290";"Bryting av ikke-jernholdig malm ellers";"Mining of other non-ferrous metal ores"
"08.111";"Bryting av stein til bygge- og anleggsvirksomhet";"Quarrying of ornamental and building stone"
"08.112";"Bryting av kalkstein, gips og kritt";"Quarrying of limestone, gypsum and chalk"
"08.113";"Bryting av skifer";"Quarrying of slate"
"08.120";"Utvinning fra grus- og sandtak, og utvinning av leire og kaolin";"Operation of gravel and sand pits; mining of clays and kaolin"
"08.910";"Bryting og utvinning av kjemiske mineraler og gjødselsmineraler";"Mining of chemical and fertiliser minerals"
"08.920";"Stikking av torv";"Extraction of peat"
"08.930";"Utvinning av salt";"Extraction of salt"
"08.990";"Annen bryting og utvinning ikke nevnt annet sted";"Other mining and quarrying n.e.c."
"09.101";"Boretjenester tilknyttet utvinning av råolje og naturgass";"Drilling services for petroleum and natural gas extraction"
"09.109";"Andre tjenester tilknyttet utvinning av råolje og naturgass";"Other support activities for petroleum and natural gas extraction"
"09.900";"Tjenester tilknyttet annen bergverksdrift";"Support activities for other mining and quarrying"
"10.110";"Bearbeiding og konservering av kjøtt";"Processing and preserving of meat"
"10.120";"Bearbeiding og konservering av fjørfekjøtt";"Processing and preserving of poultry meat"
"10.130";"Produksjon av kjøtt- og fjørfevarer";"Production of meat and poultry meat products"
"10.201";"Produksjon av saltfisk, tørrfisk og klippfisk";"Drying and salting of fish"
"10.202";"Frysing av fisk, fiskefileter, skalldyr og bløtdyr";"Freezing of fish, fish fillets, crustaceans and molluscs"
"10.203";"Produksjon av fiskehermetikk";"Canning of fish and fish products"
"10.209";"Slakting, bearbeiding og konservering av fisk og fiskevarer ellers";"Slaughtering and other processsing and preserving of fish and fish products"
"10.310";"Bearbeiding og konservering av poteter";"Processing and preserving of potatoes"
"10.320";"Produksjon av juice av frukt og grønnsaker";"Manufacture of fruit and vegetable juice"
"10.390";"Bearbeiding og konservering av frukt og grønnsaker ellers";"Other processing and preserving of fruit and vegetables"
"10.411";"Produksjon av rå fiskeoljer og fett";"Manufacture of crude fish oils and fats"
"10.412";"Produksjon av andre uraffinerte oljer og fett";"Manufacture of other crude oils and fats"
"10.413";"Produksjon av raffinerte oljer og fett";"Manufacture of refined oils and fats"
"10.420";"Produksjon av margarin og lignende spiselige fettstoffer";"Manufacture of margarine and similar edible fats"
"10.510";"Produksjon av meierivarer";"Operation of dairies and cheese making"
"10.520";"Produksjon av iskrem";"Manufacture of ice cream"
"10.610";"Produksjon av kornvarer";"Manufacture of grain mill products"
"10.620";"Produksjon av stivelse og stivelsesprodukter";"Manufacture of starches and starch products"
"10.710";"Produksjon av brød og ferske konditorvarer";"Manufacture of bread; manufacture of fresh pastry goods and cakes"
"10.720";"Produksjon av kavringer, kjeks og konserverte konditorvarer";"Manufacture of rusks and biscuits; manufacture of preserved pastry goods and cakes"
"10.730";"Produksjon av makaroni, nudler, couscous og lignende pastavarer";"Manufacture of macaroni, noodles, couscous and similar farinaceous products"
"10.810";"Produksjon av sukker";"Manufacture of sugar"
"10.820";"Produksjon av kakao, sjokolade og sukkervarer";"Manufacture of cocoa, chocolate and sugar confectionery"
"10.830";"Bearbeiding av te og kaffe";"Processing of tea and coffee"
"10.840";"Produksjon av smakstilsettingsstoffer og krydderier";"Manufacture of condiments and seasonings"
"10.850";"Produksjon av ferdigmat";"Manufacture of prepared meals and dishes"
"10.860";"Produksjon av homogeniserte matprodukter og diettmat";"Manufacture of homogenised food preparations and dietetic food"
"10.890";"Produksjon av næringsmidler ikke nevnt annet sted";"Manufacture of other food products n.e.c."
"10.910";"Produksjon av fôrvarer til husdyrhold";"Manufacture of prepared feeds for farm animals"
"10.920";"Produksjon av fôrvarer til kjæledyr";"Manufacture of prepared pet foods"
"11.010";"Destillering, rektifisering og blanding av sprit";"Distilling, rectifying and blending of spirits"
"11.020";"Produksjon av vin";"Manufacture of wine from grape"
"11.030";"Produksjon av sider og annen fruktvin";"Manufacture of cider and other fruit wines"
"11.040";"Produksjon av andre ikke-destillerte gjærede drikkevarer";"Manufacture of other non-distilled fermented beverages"
"11.050";"Produksjon av øl";"Manufacture of beer"
"11.060";"Produksjon av malt";"Manufacture of malt"
"11.070";"Produksjon av mineralvann, leskedrikker og annet vann på flaske";"Manufacture of soft drinks; production of mineral waters and other bottled waters"
"12.000";"Produksjon av tobakksvarer";"Manufacture of tobacco products"
"13.100";"Bearbeiding og spinning av tekstilfibrer";"Preparation and spinning of textile fibres"
"13.200";"Veving av tekstiler";"Weaving of textiles"
"13.300";"Etterbehandling av tekstiler";"Finishing of textiles"
"13.910";"Produksjon av stoffer av trikotasje";"Manufacture of knitted and crocheted fabrics"
"13.921";"Produksjon av utstyrsvarer";"Manufacture of household linen"
"13.929";"Produksjon av andre tekstilvarer, unntatt klær";"Manufacture of other made-up textile articles, except apparel"
"13.930";"Produksjon av gulvtepper, -matter og -ryer";"Manufacture of carpets and rugs"
"13.940";"Produksjon av tauverk og nett";"Manufacture of cordage, rope, twine and netting"
"13.950";"Produksjon av ikke-vevde tekstiler og tekstilvarer, unntatt klær";"Manufacture of non-wovens and articles made from non-wovens, except apparel"
"13.960";"Produksjon av tekstiler til teknisk og industriell bruk";"Manufacture of other technical and industrial textiles"
"13.990";"Produksjon av tekstiler ikke nevnt annet sted";"Manufacture of other textiles n.e.c."
"14.110";"Produksjon av klær av lær";"Manufacture of leather clothes"
"14.120";"Produksjon av arbeidstøy";"Manufacture of workwear"
"14.130";"Produksjon av annet yttertøy";"Manufacture of other outerwear"
"14.140";"Produksjon av undertøy og innertøy";"Manufacture of underwear"
"14.190";"Produksjon av klær og tilbehør ellers";"Manufacture of other wearing apparel and accessories"
"14.200";"Produksjon av pelsvarer";"Manufacture of articles of fur"
"14.310";"Produksjon av strømpevarer";"Manufacture of knitted and crocheted hosiery"
"14.390";"Produksjon av andre klær av trikotasje";"Manufacture of other knitted and crocheted apparel"
"15.110";"Beredning av lær, og beredning og farging av pelsskinn";"Tanning and dressing of leather; dressing and dyeing of fur"
"15.120";"Produksjon av reiseeffekter og salmakerartikler";"Manufacture of luggage, handbags and the like, saddlery and harness"
"15.200";"Produksjon av skotøy";"Manufacture of footwear"
"16.100";"Saging, høvling og impregnering av tre";"Sawmilling and planing of wood"
"16.210";"Produksjon av finerplater og andre bygnings- og møbelplater av tre";"Manufacture of veneer sheets and wood-based panels"
"16.220";"Produksjon av sammensatte parkettstaver";"Manufacture of assembled parquet floors"
"16.231";"Produksjon av monteringsferdige hus";"Manufacture of wooden prefabricated buildings"
"16.232";"Produksjon av bygningsartikler";"Manufacture of builders' carpentry and joinery"
"16.240";"Produksjon av treemballasje";"Manufacture of wooden containers"
"16.290";"Produksjon av andre trevarer og varer av kork, strå og flettematerialer";"Manufacture of other products of wood; manufacture of articles of cork, straw and plaiting materials"
"17.110";"Produksjon av papirmasse";"Manufacture of pulp"
"17.120";"Produksjon av papir og papp";"Manufacture of paper and paperboard"
"17.210";"Produksjon av bølgepapp og emballasje av papir og papp";"Manufacture of corrugated paper and paperboard and of containers of paper and paperboard"
"17.220";"Produksjon av husholdnings-, sanitær- og toalettartikler av papir";"Manufacture of household and sanitary goods and of toilet requisites"
"17.230";"Produksjon av kontorartikler av papir";"Manufacture of paper stationery"
"17.240";"Produksjon av tapeter";"Manufacture of wallpaper"
"17.290";"Produksjon av varer av papir og papp ellers";"Manufacture of other articles of paper and paperboard"
"18.110";"Trykking av aviser";"Printing of newspapers"
"18.120";"Trykking ellers";"Other printing"
"18.130";"Ferdiggjøring før trykking og publisering";"Pre-press and pre-media services"
"18.140";"Bokbinding og tilknyttede tjenester";"Binding and related services"
"18.200";"Reproduksjon av innspilte opptak";"Reproduction of recorded media"
"19.100";"Produksjon av kullprodukter";"Manufacture of coke oven products"
"19.200";"Produksjon av raffinerte petroleumsprodukter";"Manufacture of refined petroleum products"
"20.110";"Produksjon av industrigasser";"Manufacture of industrial gases"
"20.120";"Produksjon av fargestoffer og pigmenter";"Manufacture of dyes and pigments"
"20.130";"Produksjon av andre uorganiske kjemikalier";"Manufacture of other inorganic basic chemicals"
"20.140";"Produksjon av andre organiske kjemiske råvarer";"Manufacture of other organic basic chemicals"
"20.150";"Produksjon av gjødsel, nitrogenforbindelser og vekstjord";"Manufacture of fertilisers and nitrogen compounds"
"20.160";"Produksjon av basisplast";"Manufacture of plastics in primary forms"
"20.170";"Produksjon av syntetisk gummi";"Manufacture of synthetic rubber in primary forms"
"20.200";"Produksjon av plantevern- og skadedyrmidler og andre landbrukskjemiske produkter";"Manufacture of pesticides and other agrochemical products"
"20.300";"Produksjon av maling og lakk, trykkfarger og tetningsmidler";"Manufacture of paints, varnishes and similar coatings, printing ink and mastics"
"20.410";"Produksjon av såpe og vaskemidler, rense- og polermidler";"Manufacture of soap and detergents, cleaning and polishing preparations"
"20.420";"Produksjon av parfyme og toalettartikler";"Manufacture of perfumes and toilet preparations"
"20.510";"Produksjon av eksplosiver";"Manufacture of explosives"
"20.520";"Produksjon av lim";"Manufacture of glues"
"20.530";"Produksjon av eteriske oljer";"Manufacture of essential oils"
"20.590";"Produksjon av kjemiske produkter ikke nevnt annet sted";"Manufacture of other chemical products n.e.c."
"20.600";"Produksjon av kunstfibrer";"Manufacture of man-made fibres"
"21.100";"Produksjon av farmasøytiske råvarer";"Manufacture of basic pharmaceutical products"
"21.200";"Produksjon av farmasøytiske preparater";"Manufacture of pharmaceutical preparations"
"22.110";"Produksjon av gummidekk og slanger til gummidekk, og regummiering og vulkanisering av gummidekk";"Manufacture of rubber tyres and tubes; retreading and rebuilding of rubber tyres"
"22.190";"Produksjon av gummiprodukter ellers";"Manufacture of other rubber products"
"22.210";"Produksjon av halvfabrikater av plast";"Manufacture of plastic plates, sheets, tubes and profiles"
"22.220";"Produksjon av plastemballasje";"Manufacture of plastic packing goods"
"22.230";"Produksjon av byggevarer av plast";"Manufacture of builders' ware of plastic"
"22.290";"Produksjon av plastprodukter ellers";"Manufacture of other plastic products"
"23.110";"Produksjon av planglass";"Manufacture of flat glass"
"23.120";"Bearbeiding av planglass";"Shaping and processing of flat glass"
"23.130";"Produksjon av emballasje og husholdningsartikler av glass og krystall";"Manufacture of hollow glass"
"23.140";"Produksjon av glassfibrer";"Manufacture of glass fibres"
"23.190";"Produksjon av teknisk glass og andre glassvarer";"Manufacture and processing of other glass, including technical glassware"
"23.200";"Produksjon av ildfaste produkter";"Manufacture of refractory products"
"23.310";"Produksjon av keramiske vegg- og gulvfliser";"Manufacture of ceramic tiles and flags"
"23.320";"Produksjon av murstein, teglstein og andre byggevarer av brent leire";"Manufacture of bricks, tiles and construction products, in baked clay"
"23.410";"Produksjon av keramiske husholdningsartikler og dekorasjonsgjenstander";"Manufacture of ceramic household and ornamental articles"
"23.420";"Produksjon av sanitærutstyr av keramisk materiale";"Manufacture of ceramic sanitary fixtures"
"23.430";"Produksjon av isolatorer og isoleringsdeler av keramisk materiale";"Manufacture of ceramic insulators and insulating fittings"
"23.440";"Produksjon av andre keramiske produkter for teknisk bruk";"Manufacture of other technical ceramic products"
"23.490";"Produksjon av andre keramiske produkter";"Manufacture of other ceramic products"
"23.510";"Produksjon av sement";"Manufacture of cement"
"23.520";"Produksjon av kalk og gips";"Manufacture of lime and plaster"
"23.610";"Produksjon av betongprodukter for bygge- og anleggsvirksomhet";"Manufacture of concrete products for construction purposes"
"23.620";"Produksjon av gipsprodukter for bygge- og anleggsvirksomhet";"Manufacture of plaster products for construction purposes"
"23.630";"Produksjon av ferdigblandet betong";"Manufacture of ready-mixed concrete"
"23.640";"Produksjon av mørtel";"Manufacture of mortars"
"23.650";"Produksjon av fibersement";"Manufacture of fibre cement"
"23.690";"Produksjon av betong-, sement- og gipsprodukter ellers";"Manufacture of other articles of concrete, plaster and cement"
"23.700";"Hogging og bearbeiding av monument- og bygningsstein";"Cutting, shaping and finishing of stone"
"23.910";"Produksjon av slipestoffer";"Production of abrasive products"
"23.990";"Produksjon av ikke-metallholdige mineralprodukter ikke nevnt annet sted";"Manufacture of other non-metallic mineral products n.e.c."
"24.101";"Produksjon av jern og stål";"Manufacture of basic iron and steel"
"24.102";"Produksjon av ferrolegeringer";"Manufacture of ferro-alloys"
"24.200";"Produksjon av andre rør og rørdeler av stål";"Manufacture of tubes, pipes, hollow profiles and related fittings, of steel"
"24.310";"Kaldtrekking av stenger og profiler";"Cold drawing of bars"
"24.320";"Kaldvalsing av bånd";"Cold rolling of narrow strip"
"24.330";"Kaldvalsing og pressing av profilerte plater og profiler";"Cold forming or folding"
"24.340";"Kaldtrekking av tråd";"Cold drawing of wire"
"24.410";"Produksjon av edelmetaller";"Precious metals production"
"24.421";"Produksjon av primæraluminium";"Production of primary aluminium"
"24.422";"Produksjon av halvfabrikater av aluminium";"Production of first transformation of aluminium"
"24.430";"Produksjon av bly, sink og tinn";"Lead, zinc and tin production"
"24.440";"Produksjon av kobber";"Copper production"
"24.450";"Produksjon av ikke-jernholdige metaller ellers";"Other non-ferrous metal production"
"24.460";"Produksjon av kjernebrensel";"Processing of nuclear fuel"
"24.510";"Støping av jern";"Casting of iron"
"24.520";"Støping av stål";"Castin of steel"
"24.530";"Støping av lettmetaller";"Casting of light metals"
"24.540";"Støping av andre ikke-jernholdige metaller";"Casting of other non-ferrous metals"
"25.110";"Produksjon av metallkonstruksjoner og deler";"Manufacture of metal structures and parts of structures"
"25.120";"Produksjon av dører og vinduer av metall";"Manufacture of doors and windows of metal"
"25.210";"Produksjon av radiatorer og kjeler til sentralvarmeanlegg";"Manufacture of central heating radiators and boilers"
"25.290";"Produksjon av andre tanker, cisterner og beholdere av metall";"Manufacture of other tanks, reservoirs and containers of metal"
"25.300";"Produksjon av dampkjeler, unntatt kjeler til sentralvarmeanlegg";"Manufacture of steam generators, except central heating hot water boilers"
"25.400";"Produksjon av våpen og ammunisjon";"Manufacture of weapons and ammunition"
"25.500";"Smiing, stansing og valsing av metall, og pulvermetallurgi";"Forging, pressing, stamping and roll-forming of metal; powder metallurgy"
"25.610";"Overflatebehandling av metaller";"Treatment and coating of metals"
"25.620";"Bearbeiding av metaller";"Machining"
"25.710";"Produksjon av kjøkkenredskaper og skjære- og klipperedskaper";"Manufacture of cutlery"
"25.720";"Produksjon av låser og beslag";"Manufacture of locks and hinges"
"25.730";"Produksjon av håndverktøy";"Manufacture of tools"
"25.910";"Produksjon av stålfat og lignende beholdere av jern og stål";"Manufacture of steel drums and similar containers"
"25.920";"Produksjon av emballasje av lettmetall";"Manufacture of light metal packaging"
"25.930";"Produksjon av varer av metalltråd, kjetting og fjærer";"Manufacture of wire products, chain and springs"
"25.940";"Produksjon av bolter og skruer";"Manufacture of fasteners and screw machine products"
"25.990";"Produksjon av metallvarer ikke nevnt annet sted";"Manufacture of other fabricated metal products n.e.c."
"26.110";"Produksjon av elektroniske komponenter";"Manufacture of electronic components"
"26.120";"Produksjon av kretskort";"Manufacture of loaded electronic boards"
"26.200";"Produksjon av datamaskiner og tilleggsutstyr";"Manufacture of computers and peripheral equipment"
"26.300";"Produksjon av kommunikasjonsutstyr";"Manufacture of communication equipment"
"26.400";"Produksjon av elektronikk til husholdningsbruk";"Manufacture of consumer electronics"
"26.510";"Produksjon av måle-, kontroll- og navigasjonsinstrumenter";"Manufacture of instruments and appliances for measuring, testing and navigation"
"26.520";"Produksjon av klokker og ur";"Manufacture of watches and clocks"
"26.600";"Produksjon av strålingsutstyr, elektromedisinsk- og elektroterapeutisk utstyr";"Manufacture of irradiation, electromedical and electrotherapeutic equipment"
"26.700";"Produksjon av optiske instrumenter og fotografisk utstyr";"Manufacture of optical instruments and photographic equipment"
"26.800";"Produksjon av magnetiske og optiske media";"Manufacture of magnetic and optical media"
"27.110";"Produksjon av elektromotorer, generatorer og transformatorer";"Manufacture of electric motors, generators and transformers"
"27.120";"Produksjon av elektriske fordelings- og kontrolltavler og paneler";"Manufacture of electricity distribution and control apparatus"
"27.200";"Produksjon av batterier og akkumulatorer";"Manufacture of batteries and accumulators"
"27.310";"Produksjon av optiske fiberkabler";"Manufacture of fibre optic cables"
"27.320";"Produksjon av andre elektroniske og elektriske ledninger og kabler";"Manufacture of other electronic and electric wires and cables"
"27.330";"Produksjon av ledningsmateriell";"Manufacture of wiring devices"
"27.400";"Produksjon av belysningsutstyr";"Manufacture of electric lighting equipment"
"27.510";"Produksjon av elektriske husholdningsmaskiner og -apparater";"Manufacture of electric domestic appliances"
"27.520";"Produksjon av ikke-elektriske husholdningsmaskiner og -apparater";"Manufacture of non-electric domestic appliances"
"27.900";"Produksjon av annet elektrisk utstyr";"Manufacture of other electrical equipment"
"28.110";"Produksjon av motorer og turbiner, unntatt motorer til luftfartøyer og motorvogner";"Manufacture of engines and turbines, except aircraft, vehicle and cycle engines"
"28.120";"Produksjon av komponenter til hydraulisk og pneumatisk utstyr";"Manufacture of fluid power equipment"
"28.130";"Produksjon av pumper og kompressorer ellers";"Manufacture of other pumps and compressors"
"28.140";"Produksjon av kraner og ventiler ellers";"Manufacture of other taps and valves"
"28.150";"Produksjon av lagre, gir, tannhjulsutvekslinger og andre innretninger for kraftoverføring";"Manufacture of bearings, gears, gearing and driving elements"
"28.210";"Produksjon av industri- og laboratorieovner samt brennere";"Manufacture of ovens, furnaces and furnace burners"
"28.221";"Produksjon av løfte- og håndteringsutstyr til skip og båter";"Manufacture of marine lifting and handling equipment"
"28.229";"Produksjon av løfte- og håndteringsutstyr ellers";"Manufacture of other lifting and handling equipment"
"28.230";"Produksjon av kontormaskiner og utstyr (unntatt datamaskiner og tilleggsutstyr)";"Manufacture of office machinery and equipment (except computers and peripheral equipment)"
"28.240";"Produksjon av motordrevet håndverktøy";"Manufacture of power-driven hand tools"
"28.250";"Produksjon av kjøle- og ventilasjonsanlegg, unntatt til husholdningsbruk";"Manufacture of non-domestic cooling and ventilation equipment"
"28.290";"Produksjon av maskiner og utstyr til generell bruk, ikke nevnt annet sted";"Manufacture of other general-purpose machinery n.e.c."
"28.300";"Produksjon av jordbruks- og skogbruksmaskiner";"Manufacture of agricultural and forestry machinery"
"28.410";"Produksjon av maskinverktøy til metallbearbeiding";"Manufacture of metal forming machinery"
"28.490";"Produksjon av maskinverktøy ikke nevnt annet sted";"Manufacture of other machine tools"
"28.910";"Produksjon av maskiner og utstyr til metallurgisk industri";"Manufacture of machinery for metallurgy"
"28.920";"Produksjon av maskiner og utstyr til bergverksdrift og bygge- og anleggsvirksomhet";"Manufacture of machinery for mining, quarrying and construction"
"28.930";"Produksjon av maskiner og utstyr til nærings- og nytelsesmiddelindustri";"Manufacture of machinery for food, beverage and tobacco processing"
"28.940";"Produksjon av maskiner og utstyr til tekstil-, konfeksjons- og lærvare industri";"Manufacture of machinery for textile, apparel and leather production"
"28.950";"Produksjon av maskiner og utstyr til papir- og pappvareindustri";"Manufacture of machinery for paper and paperboard production"
"28.960";"Produksjon av maskiner og utstyr til plast- og gummiindustri";"Manufacture of plastics and rubber machinery"
"28.990";"Produksjon av spesialmaskiner ikke nevnt annet sted";"Manufacture of other special-purpose machinery n.e.c."
"29.100";"Produksjon av motorvogner";"Manufacture of motor vehicles"
"29.200";"Produksjon av karosserier og tilhengere";"Manufacture of bodies (coachwork) for motor vehicles; manufacture of trailers and semi-trailers"
"29.310";"Produksjon av elektrisk og elektronisk utstyr til motorvogner";"Manufacture of electrical and electronic equipment for motor vehicles"
"29.320";"Produksjon av andre deler og annet utstyr til motorvogner";"Manufacture of other parts and accessories for motor vehicles"
"30.111";"Bygging av skip og skrog over 100 br.tonn";"Building of ships and hulls more than 100 g.r.tons"
"30.112";"Bygging av skip under 100 br.tonn";"Building of ships less than 100 g.r.tons"
"30.113";"Bygging av oljeplattformer og moduler";"Building of oil-platforms and modules"
"30.114";"Produksjon av annet flytende materiell";"Manufacture of other floating equipment"
"30.115";"Innrednings- og installasjonsarbeid utført på skip over 100 br.tonn";"Installation- and completion work on ships more than 100 g.r. tons"
"30.116";"Innrednings- og installasjonsarbeid utført på borerigger og moduler";"Installation and completion work on platforms and modules"
"30.120";"Bygging av fritidsbåter";"Building of pleasure and sporting boats"
"30.200";"Produksjon av lokomotiver og annet rullende materiell til jernbane og sporvei";"Manufacture of railway locomotives and rolling stock"
"30.300";"Produksjon av luftfartøyer og romfartøyer og lignende utstyr";"Manufacture of air and spacecraft and related machinery"
"30.400";"Produksjon av militære stridskjøretøyer";"Manufacture of military fighting vehicles"
"30.910";"Produksjon av motorsykler";"Manufacture of motorcycles"
"30.920";"Produksjon av sykler og invalidevogner";"Manufacture of bicycles and invalid carriages"
"30.990";"Produksjon av andre transportmidler ikke nevnt annet sted";"Manufacture of other transport equipment n.e.c."
"31.010";"Produksjon av kontor- og butikkmøbler";"Manufacture of office and shop furniture"
"31.020";"Produksjon av kjøkkenmøbler";"Manufacture of kitchen furniture"
"31.030";"Produksjon av madrasser";"Manufacture of mattresses"
"31.090";"Produksjon av møbler ellers";"Manufacture of other furniture"
"32.110";"Preging av mynter og medaljer";"Striking of coins"
"32.120";"Produksjon av gull- og sølvvarer og lignende artikler";"Manufacture of jewellery and related articles"
"32.130";"Produksjon av bijouteri og lignende artikler";"Manufacture of imitation jewellery and related articles"
"32.200";"Produksjon av musikkinstrumenter";"Manufacture of musical instruments"
"32.300";"Produksjon av sportsartikler";"Manufacture of sports goods"
"32.400";"Produksjon av spill og leker";"Manufacture of games and toys"
"32.500";"Produksjon av medisinske og tanntekniske instrumenter og utstyr";"Manufacture of medical and dental instruments and supplies"
"32.910";"Produksjon av koster og børster";"Manufacture of brooms and brushes"
"32.990";"Annen industriproduksjon ikke nevnt annet sted";"Other manufacturing n.e.c"
"33.110";"Reparasjon av bearbeidede metallprodukter";"Repair of fabricated metal products"
"33.120";"Reparasjon av maskiner";"Repair of machinery"
"33.130";"Reparasjon av elektronisk og optisk utstyr";"Repair of electronic and optical equipment"
"33.140";"Reparasjon av elektrisk utstyr";"Repair of electrical equipment"
"33.150";"Reparasjon og vedlikehold av skip og båter";"Repair and maintenance of ships and boats"
"33.160";"Reparasjon og vedlikehold av luftfartøyer og romfartøyer";"Repair and maintenance of aircraft and spacecraft"
"33.170";"Reparasjon og vedlikehold av andre transportmidler";"Repair and maintenance of other transport equipment"
"33.190";"Reparasjon av annet utstyr";"Repair of other equipment"
"33.200";"Installasjon av industrimaskiner og -utstyr";"Installation of industrial machinery and equipment"
"35.111";"Produksjon av elektrisitet fra vannkraft";"Production of electricity through water power"
"35.112";"Produksjon av elektrisitet fra vindkraft";"Production of electricity through wind power"
"35.113";"Produksjon av elektrisitet fra biobrensel, avfallsforbrenning og deponigass";"Production of electricity through biofuel, burning of waste and landfill gas"
"35.114";"Produksjon av elektrisitet fra naturgass";"Production of electricity through natural gas"
"35.119";"Produksjon av elektrisitet ellers";"Other production of electricity"
"35.120";"Overføring av elektrisitet";"Transmission of electricity"
"35.130";"Distribusjon av elektrisitet";"Distribution of electricity"
"35.140";"Handel med elektrisitet";"Trade of electricity"
"35.210";"Produksjon av gass";"Manufacture of gas"
"35.220";"Distribusjon av gass gjennom ledningsnett";"Distribution of gasseous fuels through mains"
"35.230";"Handel med gass gjennom ledningsnett";"Trade of gas through mains"
"35.300";"Damp- og varmtvannsforsyning";"Steam and air conditioning supply"
"36.000";"Uttak fra kilde, rensing og distribusjon av vann";"Water collection, treatment and supply"
"37.000";"Oppsamling og behandling av avløpsvann";"Sewerage"
"38.110";"Innsamling av ikke-farlig avfall";"Collection of non-hazardous waste"
"38.120";"Innsamling av farlig avfall";"Collection of hazardous waste"
"38.210";"Behandling og disponering av ikke-farlig avfall";"Treatment and disposal of non-hazardous waste"
"38.220";"Behandling og disponering av farlig avfall";"Treatment and disposal of hazardous waste"
"38.310";"Demontering av vrakede gjenstander";"Dismantling of wrecks"
"38.320";"Sortering og bearbeiding av avfall for materialgjenvinning";"Recovery of sorted materials"
"39.000";"Miljørydding, miljørensing og lignende virksomhet";"Remediation activities and other waste management services"
"41.101";"Boligbyggelag";"House building cooperative"
"41.109";"Utvikling og salg av egen fast eiendom ellers";"Other development and sale of real estate"
"41.200";"Oppføring av bygninger";"Construction of residential and non-residential buildings"
"42.110";"Bygging av veier og motorveier";"Construction of roads and motorways"
"42.120";"Bygging av jernbaner og undergrunnsbaner";"Construction of railways and underground railways"
"42.130";"Bygging av bruer og tunneler";"Construction of bridges and tunnels"
"42.210";"Bygging av vann- og kloakkanlegg";"Construction of utility projects for fluids"
"42.220";"Bygging av anlegg for elektrisitet og telekommunikasjon";"Construction of utility projects for electricity and telecommunications"
"42.910";"Bygging av havne- og damanlegg";"Construction of water projects"
"42.990";"Bygging av andre anlegg ikke nevnt annet sted";"Construction of other civil engineering projects n.e.c."
"43.110";"Riving av bygninger og andre konstruksjoner";"Demolition"
"43.120";"Grunnarbeid";"Site preparation"
"43.130";"Prøveboring";"Test drilling and boring"
"43.210";"Elektrisk installasjonsarbeid";"Electrical installation"
"43.221";"Rørlegger- og ventilasjonsarbeid";"Plumbing- and ventilation-installation"
"43.222";"Kuldeanlegg- og varmepumpearbeid";"Refrigeration- and heat pump-installation"
"43.290";"Annet installasjonsarbeid";"Other construction installation"
"43.310";"Stukkatørarbeid og pussing";"Plastering"
"43.320";"Snekkerarbeid";"Joinery installation"
"43.330";"Gulvlegging og tapetsering";"Floor and wall covering"
"43.341";"Malerarbeid";"Painting"
"43.342";"Glassarbeid";"Glazing"
"43.390";"Annen ferdiggjøring av bygninger";"Other building completion and finishing"
"43.911";"Blikkenslagerarbeid";"Tinsmith work"
"43.919";"Takarbeid ellers";"Other erection of roof covering and frames"
"43.990";"Annen spesialisert bygge- og anleggsvirksomhet";"Other specialised construction activities n.e.c."
"45.111";"Agentur- og engroshandel med biler og lette motorvogner, unntatt motorsykler";"Commission and wholesale trade of cars and light motor vehicles, except motorcycles"
"45.112";"Detaljhandel med biler og lette motorvogner, unntatt motorsykler";"Retail sale of cars and light motor vehicles, except motorcycles"
"45.191";"Agentur- og engroshandel med andre motorvogner, unntatt motorsykler";"Commission and wholesale trade of other motor vehicles, except motorcycles"
"45.192";"Detaljhandel med andre motorvogner, unntatt motorsykler";"Retail sale of other motor vehicles, except motorcycles"
"45.200";"Vedlikehold og reparasjon av motorvogner, unntatt motorsykler";"Maintenance and repair of motor vehicles"
"45.310";"Agentur- og engroshandel med deler og utstyr til motorvogner, unntatt motorsykler";"Wholesale trade of motor vehicle parts and accessories"
"45.320";"Detaljhandel med deler og utstyr til motorvogner, unntatt motorsykler";"Retail trade of motor vehicle parts and accessories"
"45.401";"Agentur- og engroshandel med motorsykler, deler og utstyr";"Commission and wholesale trade of motorcycles, parts and accessories"
"45.402";"Detaljhandel med motorsykler, deler og utstyr";"Retail sale of motorcycles, parts and accessories"
"45.403";"Vedlikehold og reparasjon av motorsykler";"Maintenance and repair of motorcycles"
"46.110";"Agenturhandel med jordbruksråvarer, levende dyr, tekstilråvarer og innsatsvarer";"Agents involved in the sale of agricultural raw materials, live animals, textile raw materials and semi-finished goods"
"46.120";"Agenturhandel med brensel, drivstoff, malm, metaller og industrikjemikalier";"Agents involved in the sale of fuels, ores, metals and industrial chemicals"
"46.130";"Agenturhandel med tømmer, trelast og byggevarer";"Agents involved in the sale of timber and building materials"
"46.140";"Agenturhandel med maskiner, produksjonsutstyr, båter og luftfartøyer";"Agents involved in the sale of machinery, industrial equipment, ships and aircraft"
"46.150";"Agenturhandel med møbler, husholdningsvarer og jernvarer";"Agents involved in the sale of furniture, household goods, hardware and ironmongery"
"46.160";"Agenturhandel med tekstiler, klær, pelsskinn, skotøy og lærvarer";"Agents involved in the sale of textiles, clothing, fur, footwear and leather goods"
"46.170";"Agenturhandel med nærings- og nytelsesmidler";"Agents involved in the sale of food, beverages and tobacco"
"46.180";"Agenturhandel med spesialisert vareutvalg ellers";"Agents specialised in the sale of other particular products"
"46.190";"Agenturhandel med bredt vareutvalg";"Agents involved in the sale of a variety of goods"
"46.210";"Engroshandel med korn, råtobakk, såvarer og fôrvarer";"Wholesale of grain, unmanufactured tobacco, seeds and animal feeds"
"46.220";"Engroshandel med blomster og planter";"Wholesale of flowers and plants"
"46.230";"Engroshandel med levende dyr";"Wholesale of live animals"
"46.240";"Engroshandel med huder, skinn og lær";"Wholesale of hides, skins and leather"
"46.310";"Engroshandel med frukt og grønnsaker";"Wholesale of fruit and vegetables"
"46.320";"Engroshandel med kjøtt og kjøttvarer";"Wholesale of meat and meat products"
"46.330";"Engroshandel med meierivarer, egg, matolje og -fett";"Wholesale of dairy products, eggs and edible oils and fats"
"46.341";"Engroshandel med vin og brennevin";"Wholesale of wines and spirits"
"46.349";"Engroshandel med drikkevarer ellers";"Wholesale of beverages n.e.c."
"46.350";"Engroshandel med tobakksvarer";"Wholesale of tobacco products"
"46.360";"Engroshandel med sukker, sjokolade og sukkervarer";"Wholesale of sugar and chocolate and sugar confectionery"
"46.370";"Engroshandel med kaffe, te, kakao og krydder";"Wholesale of coffee, tea, cocoa and spices"
"46.381";"Engroshandel med fisk, skalldyr og bløtdyr";"Wholesale of fish, crustaceans and molluscs"
"46.389";"Engroshandel med spesialisert utvalg av nærings- og nytelsesmidler ikke nevnt annet sted";"Wholesale of other food n.e.c."
"46.390";"Engroshandel med bredt utvalg av nærings- og nytelsesmidler";"Non-specialised wholesale of food, beverages and tobacco"
"46.410";"Engroshandel med tekstiler og utstyrsvarer";"Wholesale of textiles"
"46.421";"Engroshandel med klær";"Wholesale of clothing"
"46.422";"Engroshandel med skotøy";"Wholesale of footwear"
"46.431";"Engroshandel med elektriske husholdningsapparater og -maskiner";"Wholesale of electrical household appliances and -machines"
"46.432";"Engroshandel med radio og fjernsyn";"Wholesale of radio and television goods"
"46.433";"Engroshandel med plater, musikk- og videokassetter og CD- og DVD-plater";"Wholesale of grammophone records, tapes, CD's and videos"
"46.434";"Engroshandel med fotoutstyr";"Wholesale of photographic goods"
"46.435";"Engroshandel med optiske artikler";"Wholesale of optical goods"
"46.441";"Engroshandel med kjøkkenutstyr, glass og steintøy";"Wholesale of china and glassware"
"46.442";"Engroshandel med rengjøringsmidler";"Wholesale of cleaning materials"
"46.450";"Engroshandel med parfyme og kosmetikk";"Wholesale of perfume and cosmetics"
"46.460";"Engroshandel med sykepleie- og apotekvarer";"Wholesale of pharmaceutical goods"
"46.471";"Engroshandel med møbler";"Wholesale of furniture"
"46.472";"Engroshandel med gulvtepper";"Wholesale of floor coverings and carpets"
"46.473";"Engroshandel med belysningsutstyr";"Wholesale of lighting equipment"
"46.481";"Engroshandel med klokker og ur";"Wholesale of watches and clocks"
"46.482";"Engroshandel med gull- og sølvvarer";"Wholesale of gold and silver ware"
"46.491";"Engroshandel med bøker, aviser og blader";"Wholesale of books, newspapers and magazines"
"46.492";"Engroshandel med reiseeffekter og lærvarer";"Wholesale of travel accessories and leather goods"
"46.493";"Engroshandel med fritidsbåter og -utstyr";"Wholesale of pleasure boats and equipment"
"46.494";"Engroshandel med sportsutstyr";"Wholesale of sporting equipment"
"46.495";"Engroshandel med spill og leker";"Wholesale of games and toys"
"46.499";"Engroshandel med husholdningsvarer og varer til personlig bruk ikke nevnt annet sted";"Wholesale of other household and personal goods n.e.c."
"46.510";"Engroshandel med datamaskiner, tilleggsutstyr til datamaskiner samt programvare";"Wholesale of computers, computer peripheral equipment and software"
"46.520";"Engroshandel med elektronikkutstyr og telekommunikasjonsutstyr samt deler";"Wholesale of electronic and telecommunications equipment and parts"
"46.610";"Engroshandel med maskiner og utstyr til jordbruk og skogbruk";"Wholesale of agricultural machinery, equipment and supplies"
"46.620";"Engroshandel med maskinverktøy";"Wholesale of machine tools"
"46.630";"Engroshandel med maskiner og utstyr til bergverksdrift, olje- og gassutvinning og bygge- og anleggsvirksomhet";"Wholesale of mining, construction and civil engineering machinery"
"46.640";"Engroshandel med maskiner og utstyr til tekstilproduksjon";"Wholesale of machinery for the textile industry and of sewing and knitting machines"
"46.650";"Engroshandel med kontormøbler";"Wholesale of office furniture"
"46.660";"Engroshandel med maskiner og utstyr til kontor ellers";"Wholesale of other office machinery and equipment"
"46.691";"Engroshandel med maskiner og utstyr til kraftproduksjon og installasjon";"Wholesale of machinery and equipment for energy production and installation"
"46.692";"Engroshandel med skipsutstyr og fiskeredskap";"Wholesale of shipping equipment and fishing tackle"
"46.693";"Engroshandel med maskiner og utstyr til industri ellers";"Wholesale of machinery and equipment for manufacturing n.e.c."
"46.694";"Engroshandel med maskiner og utstyr til handel, transport og tjenesteyting ellers";"Wholesale of machinery and equipment for trade, transport and services n.e.c."
"46.710";"Engroshandel med drivstoff og brensel";"Wholesale of solid, liquid and gaseous fuels and related products"
"46.720";"Engroshandel med metaller og metallholdig malm";"Wholesale of metals and metal ores"
"46.731";"Engroshandel med tømmer";"Wholesale of timber"
"46.732";"Engroshandel med trelast";"Wholesale of lumber"
"46.733";"Engroshandel med fargevarer";"Wholesale of paints and varnish"
"46.739";"Engroshandel med byggevarer ikke nevnt annet sted";"Wholesale of construction materials n.e.c."
"46.740";"Engroshandel med jernvarer, rørleggerartikler og oppvarmingsutstyr";"Wholesale of hardware, plumbing and heating equipment and supplies"
"46.750";"Engroshandel med kjemiske produkter";"Wholesale of chemical products"
"46.761";"Engroshandel med papir og papp";"Wholesale of paper and paperboard"
"46.769";"Engroshandel med innsatsvarer ikke nevnt annet sted";"Wholesale of other intermediate products n.e.c."
"46.770";"Engroshandel med avfall og skrap";"Wholesale of waste and scrap"
"46.900";"Uspesifisert engroshandel";"Non-specialised wholesale trade"
"47.111";"Butikkhandel med bredt vareutvalg med hovedvekt på nærings- og nytelsesmidler";"Retail sale in non-specialised stores with food, beverages or tobacco predominating"
"47.112";"Kioskhandel med bredt vareutvalg med hovedvekt på nærings- og nytelsesmidler";"Retail sale in non-specialised kiosks with food, beverages or tobacco predominating"
"47.190";"Butikkhandel med bredt vareutvalg ellers";"Other retail sale in non-specialised stores"
"47.210";"Butikkhandel med frukt og grønnsaker";"Retail sale of fruit and vegetables in specialised stores"
"47.220";"Butikkhandel med kjøtt og kjøttvarer";"Retail sale of meat and meat products in specialised stores"
"47.230";"Butikkhandel med fisk, skalldyr og bløtdyr";"Retail sale of fish, crustaceans and molluscs in specialised stores"
"47.241";"Butikkhandel med bakervarer og konditorvarer";"Retail sale of bread, cakes and flour confectionery in specialised stores"
"47.242";"Butikkhandel med sukkervarer";"Retail sale of sugar confectionery in specialised stores"
"47.251";"Butikkhandel med vin og brennevin";"Retail sale of wines and spirits in specialised stores"
"47.259";"Butikkhandel med drikkevarer ellers";"Retail sale of beverages in specialised stores n.e.c."
"47.260";"Butikkhandel med tobakksvarer";"Retail sale of tobacco products in specialised stores"
"47.291";"Butikkhandel med helsekost";"Retail sale of health foods in specialised stores"
"47.292";"Butikkhandel med kaffe og te";"Retail sale of coffee and tea in specialised stores"
"47.299";"Butikkhandel med nærings- og nytelsesmidler ikke nevnt annet sted";"Retail sale of food, beverages and tobacco in specialised stores n.e.c."
"47.300";"Detaljhandel med drivstoff til motorvogner";"Retail sale of automotive fuel in specialised stores"
"47.410";"Butikkhandel med datamaskiner og utstyr til datamaskiner";"Retail sale of computers, peripheral units and software in specialised stores"
"47.420";"Butikkhandel med telekommunikasjonsutstyr";"Retail sale of telecommunications equipment in specialised stores"
"47.430";"Butikkhandel med audio- og videoutstyr";"Retail sale of audio and video equipment in specialised stores"
"47.510";"Butikkhandel med tekstiler og utstyrsvarer";"Retail sale of textiles in specialised stores"
"47.521";"Butikkhandel med bredt utvalg av jernvarer, fargevarer og andre byggevarer";"Retail sale of variety of hardware, paints and glass in specialised stores"
"47.522";"Butikkhandel med jernvarer";"Retail sale of hardware in specialised stores"
"47.523";"Butikkhandel med fargevarer";"Retail sale of paints and varnish in specialised stores"
"47.524";"Butikkhandel med trelast";"Retail sale of wood in specialised stores"
"47.529";"Butikkhandel med byggevarer ikke nevnt annet sted";"Retail sale of building material in specialised stores n.e.c."
"47.531";"Butikkhandel med tapeter og gulvbelegg";"Retail sale of wallpaper and floor coverings in specialised stores"
"47.532";"Butikkhandel med tepper";"Retail sale of carpets in specialised stores"
"47.533";"Butikkhandel med gardiner";"Retail sale of curtains in specialised stores"
"47.540";"Butikkhandel med elektriske husholdningsapparater";"Retail sale of electrical household appliances in specialised stores"
"47.591";"Butikkhandel med møbler";"Retail sale of furniture in specialised stores"
"47.592";"Butikkhandel med belysningsutstyr";"Retail sale of lighting equipment in specialised stores"
"47.593";"Butikkhandel med kjøkkenutstyr, glass og steintøy";"Retail sale of china and glassware in specialised stores"
"47.594";"Butikkhandel med musikkinstrumenter og noter";"Retail sale of musical instruments and scores in specialised stores"
"47.599";"Butikkhandel med innredningsartikler ikke nevnt annet sted";"Retail sale of non-electrical household articles in specialised stores n.e.c."
"47.610";"Butikkhandel med bøker";"Retail sale of books in specialised stores"
"47.620";"Butikkhandel med aviser og papirvarer";"Retail sale of newspapers and stationery in specialised stores"
"47.630";"Butikkhandel med innspillinger av musikk og video";"Retail sale of music and video recordings in specialised stores"
"47.641";"Butikkhandel med sportsutstyr";"Retail sale of sporting equipment in specialised stores"
"47.642";"Butikkhandel med fritidsbåter og -utstyr";"Retail sale of pleasure boats and equipment in specialised stores"
"47.650";"Butikkhandel med spill og leker";"Retail sale of games and toys in specialised stores"
"47.710";"Butikkhandel med klær";"Retail sale of clothing in specialised stores"
"47.721";"Butikkhandel med skotøy";"Retail sale of footwear in specialised stores"
"47.722";"Butikkhandel med reiseeffekter av lær og lærimitasjoner og varer av lær";"Retail sale of travel accessories of leather and leather substitudes and leather goods in specialised stores"
"47.730";"Butikkhandel med apotekvarer";"Dispensing chemist in specialised stores"
"47.740";"Butikkhandel med medisinske og ortopediske artikler";"Retail sale of medical and orthopaedic goods in specialised stores"
"47.750";"Butikkhandel med kosmetikk og toalettartikler";"Retail sale of cosmetic and toilet articles in specialised stores"
"47.761";"Butikkhandel med blomster og planter";"Retail sale of flowers, plants, seeds and fertilisers"
"47.762";"Butikkhandel med kjæledyr og fôr til kjæledyr";"Retail sale of pet animals and pet food"
"47.771";"Butikkhandel med ur og klokker";"Retail sale of watches and clocks in specialised stores"
"47.772";"Butikkhandel med gull- og sølvvarer";"Retail sale of gold and silver ware in specialised stores"
"47.781";"Butikkhandel med fotoutstyr";"Retail sale of photographic goods in specialised stores"
"47.782";"Butikkhandel med optiske artikler";"Retail sale of optical goods in specialised stores"
"47.789";"Butikkhandel ikke nevnt annet sted";"Other retail sale of goods in specialised stores"
"47.791";"Butikkhandel med antikviteter";"Retail sale of antiques"
"47.792";"Butikkhandel med brukte klær";"Retail sale of second-hand clothes"
"47.799";"Butikkhandel med brukte varer ellers";"Retail sale of second-hand goods n.e.c."
"47.810";"Torghandel med næringsmidler, drikkevarer og tobakksvarer";"Retail sale via stalls and markets of food, beverages and tobacco products"
"47.820";"Torghandel med tekstiler, klær, skotøy og utstyrsvarer";"Retail sale via stalls and markets of textiles, clothing and footwear"
"47.890";"Torghandel med andre varer";"Retail sale via stalls and markets of other goods"
"47.911";"Postordre-/Internetthandel med bredt vareutvalg";"Retail sale of variety of goods via mail order houses or via Internet"
"47.912";"Postordre-/Internetthandel med tekstiler, utstyrsvarer, klær, skotøy, reiseeffekter og lærvarer";"Retail sale of textiles, clothes, footwear, travel accessories and leather goods via mail order houses or via Internet"
"47.913";"Postordre-/Internetthandel med belysningsutstyr, kjøkkenutstyr, møbler og innredningsartikler";"Retail sale of lighting equipment, china and glass, furniture and non-electrical household articles via mail order houses or via"
"47.914";"Postordre-/Internetthandel med elektriske husholdningsapparater, radio, fjernsyn, plater, kassetter og musikkinstrumenter";"Retail sale of electrical household appliances, radio, television, grammophone records, tapes, CD's and musical instruments via mail"
"47.915";"Postordre-/Internetthandel med bøker, papir, aviser og blader";"Retail sale of books, newspapers and magazines via mail order houses or via Internet"
"47.916";"Postordre-/Internetthandel med IKT-utstyr";"Retail sale of ICT equipment in specialised stores or via Internet"
"47.917";"Postordre-/Internetthandel med helsekost";"Retail sale of health foods in specialised stores or via Internet"
"47.919";"Postordre-/Internetthandel med annet spesialisert vareutvalg";"Other retail sale of specialised assortment of goods via mail order houses or via Internet"
"47.990";"Detaljhandel utenom utsalgssted ellers";"Other retail sale not in stores, stalls or markets"
"49.100";"Passasjertransport med jernbane";"Passenger rail transport, interurban"
"49.200";"Godstransport med jernbane";"Freight rail transport"
"49.311";"Rutebiltransport i by- og forstadsområde";"Scheduled urban and suburban motor bus transport"
"49.312";"Transport med sporveis- og forstadsbane";"Other urban and suburban transport"
"49.320";"Drosjebiltransport";"Taxi operation"
"49.391";"Rutebiltransport utenfor by- og forstadsområde";"Scheduled long-distance bus transport"
"49.392";"Turbiltransport";"Charters and excursions bus services"
"49.393";"Transport med taubaner, kabelbaner og skiheiser";"Cableway transport and skilifts"
"49.410";"Godstransport på vei";"Freight transport by road"
"49.420";"Flyttetransport";"Removal services"
"49.500";"Rørtransport";"Transport via pipeline"
"50.101";"Utenriks sjøfart med passasjerer";"Passenger ocean transport"
"50.102";"Innenlandske kystruter med passasjerer";"Scheduled long distance passenger transport in coastal waters"
"50.109";"Kysttrafikk ellers med passasjerer";"Other passenger transport in coastal waters"
"50.201";"Utenriks sjøfart med gods";"Freight ocean transport"
"50.202";"Innenriks sjøfart med gods";"Freight coastal transport"
"50.203";"Slepebåter";"Tugs"
"50.204";"Forsyning og andre sjøtransporttjenester for offshore";"Supply and other sea transport offshore services"
"50.300";"Passasjertransport på elver og innsjøer";"Inland passenger water transport"
"50.400";"Godstransport på elver og innsjøer";"Inland freight water transport"
"51.100";"Lufttransport med passasjerer";"Passenger air transport"
"51.210";"Lufttransport med gods";"Freight air transport"
"51.220";"Romfart";"Space transport"
"52.100";"Lagring";"Warehousing and storage"
"52.211";"Drift av gods- og transportsentraler";"Central agencies for goods and transportation procurement"
"52.212";"Drift av parkeringsplasser og parkeringshus";"Operation of car parks and garages"
"52.213";"Drift av bomstasjoner";"Toll-gate stations"
"52.214";"Drift av taxisentraler og annen formidling av persontransport";"Operation of taxi agencies and other passenger transport agencies"
"52.216";"Kondensering av gass med henblikk på transport";"Liquifaction of gas for transportation purposes"
"52.219";"Tjenester tilknyttet landtransport ellers";"Other services incidental to land transport"
"52.221";"Drift av havne- og kaianlegg";"Operation of harbours and piers"
"52.222";"Redningstjeneste";"Sea rescue services"
"52.223";"Forsyningsbaser";"Offshore supply terminal"
"52.229";"Tjenester tilknyttet sjøtransport ellers";"Other services incidental to water transportation"
"52.230";"Andre tjenester tilknyttet lufttransport";"Service activities incidental to air transportation"
"52.240";"Lasting og lossing";"Cargo handling"
"52.291";"Spedisjon";"Freight forwarding services"
"52.292";"Skipsmegling";"Ship brokerage services"
"52.293";"Flymegling";"Aircraft brokerage services"
"52.299";"Transportformidling ellers";"Other forwarding services"
"53.100";"Landsdekkende posttjenester";"Postal activities under universal service obligation"
"53.200";"Andre post- og budtjenester";"Other postal and courier activities"
"55.101";"Drift av hoteller, pensjonater og moteller med restaurant";"Hotels and motels with restaurant"
"55.102";"Drift av hoteller, pensjonater og moteller uten restaurant";"Hotels and motels without restaurant"
"55.201";"Drift av vandrerhjem";"Hostels"
"55.202";"Drift av ferieleiligheter";"Holiday apartments"
"55.300";"Drift av campingplasser";"Camping sites, including caravan sites"
"55.900";"Annen overnatting";"Other accommodation"
"56.101";"Drift av restauranter og kafeer";"Operation of restaurants and cafes"
"56.102";"Drift av gatekjøkken";"Operation of snack-bars, salad bars and hot-dog bars"
"56.210";"Cateringvirksomhet";"Event catering activities"
"56.290";"Kantiner drevet som selvstendig virksomhet";"Other food service activities"
"56.301";"Drift av puber";"Pubs"
"56.309";"Drift av barer ellers";"Other beverage serving activities"
"58.110";"Utgivelse av bøker";"Book publishing"
"58.120";"Utgivelse av kataloger og adresselister";"Publishing of directories and mailing lists"
"58.130";"Utgivelse av aviser";"Publishing of newspapers"
"58.140";"Utgivelse av blader og tidsskrifter";"Publishing of journals and periodicals"
"58.190";"Forlagsvirksomhet ellers";"Other publishing activities"
"58.210";"Utgivelse av programvare for dataspill";"Publishing of computer games"
"58.290";"Utgivelse av annen programvare";"Other software publishing"
"59.110";"Produksjon av film, video og fjernsynsprogrammer";"Motion picture, video and television programme production activities"
"59.120";"Etterarbeid knyttet til produksjon av film, video og fjernsynsprogramm er";"Motion picture, video and television programme post-production activities"
"59.130";"Distribusjon av film, video og fjernsynsprogrammer";"Motion picture, video and television programme distribution activities"
"59.140";"Filmframvisning";"Motion picture projection activities"
"59.200";"Produksjon og utgivelse av musikk- og lydopptak";"Sound recording and music publishing activities"
"60.100";"Radiokringkasting";"Radio broadcasting"
"60.200";"Fjernsynskringkasting";"Television programming and broadcasting activities"
"61.100";"Kabelbasert telekommunikasjon";"Wired telecommunications activities"
"61.200";"Trådløs telekommunikasjon";"Wireless telecommunications activities"
"61.300";"Satellittbasert telekommunikasjon";"Satellite telecommunications activities"
"61.900";"Telekommunikasjon ellers";"Other telecommunications activities"
"62.010";"Programmeringstjenester";"Computer programming activities"
"62.020";"Konsulentvirksomhet tilknyttet informasjonsteknologi";"Computer consultancy activities"
"62.030";"Forvaltning og drift av IT-systemer";"Computer facilities management activities"
"62.090";"Andre tjenester tilknyttet informasjonsteknologi";"Other information technology and computer service activities"
"63.110";"Databehandling, datalagring og tilknyttede tjenester";"Data processing, hosting and related activities"
"63.120";"Drift av web-portaler";"Web portals"
"63.910";"Nyhetsbyråer";"News agency activities"
"63.990";"Andre informasjonstjenester ikke nevnt annet sted";"Other information service activities n.e.c."
"64.110";"Sentralbankvirksomhet";"Central banking"
"64.190";"Bankvirksomhet ellers";"Other monetary intermediation"
"64.201";"Finansielle holdingselskaper";"Activities of financial holding companies"
"64.202";"Spesielle holdingselskaper";"Holding companies serving special purposes"
"64.301";"Verdipapirfond";"Unit trust"
"64.302";"Investeringsselskaper/-fond åpne for allmennheten";"Other investment companies, except captive companies"
"64.305";"Forvaltningsstiftelser for fond og legater opprettet for veldedige og allmennyttige formål, men som selv ikke fordeler støtte";"Charities which do not distribute means themselves"
"64.306";"Aktive eierfond";"Venture and development capital companies"
"64.308";"Investeringsselskaper og lignende lukket for allmennheten";"Captive investment companies"
"64.910";"Finansiell leasing";"Financial leasing"
"64.920";"Annen kredittgivning";"Other credit granting"
"64.990";"Annen finansieringsvirksomhet ikke nevnt annet sted";"Other financial service activities, except insurance and pension funding n.e.c."
"65.110";"Livsforsikring";"Life insurance"
"65.120";"Skadeforsikring";"Non-life insurance"
"65.200";"Gjenforsikring";"Reinsurance"
"65.300";"Pensjonskasser";"Pension funding"
"66.110";"Administrasjon av finansmarkeder";"Administration of financial markets"
"66.120";"Verdipapirmegling";"Security and commodity contracts brokerage"
"66.190";"Andre tjenester tilknyttet finansieringsvirksomhet";"Other activities auxiliary to financial services, except insurance and pension funding"
"66.210";"Risiko- og skadevurdering";"Risk and damage evaluation"
"66.220";"Forsikringsformidling";"Activities of insurance agents and brokers"
"66.290";"Andre tjenester tilknyttet forsikringsvirksomhet og pensjonskasser";"Other activities auxiliary to insurance and pension funding"
"66.300";"Fondsforvaltningsvirksomhet";"Fund management activities"
"68.100";"Kjøp og salg av egen fast eiendom";"Buying and selling of own real estate"
"68.201";"Borettslag";"House cooperative"
"68.209";"Utleie av egen eller leid fast eiendom ellers";"Other letting of real estate"
"68.310";"Eiendomsmegling";"Real estate agencies"
"68.320";"Eiendomsforvaltning";"Management of real estate on a fee or contract basis"
"69.100";"Juridisk tjenesteyting";"Legal activities"
"69.201";"Regnskap og bokføring";"Accounting and bookkeeping"
"69.202";"Revisjon";"Auditing"
"69.203";"Skatterådgivning";"Tax consultancy activity"
"70.100";"Hovedkontortjenester";"Activities of head offices"
"70.210";"PR og kommunikasjonstjenester";"Public relations and communication activities"
"70.220";"Bedriftsrådgivning og annen administrativ rådgivning";"Business and other management consultancy activities"
"71.111";"Plan- og reguleringsarbeid";"Planning and regulation services"
"71.112";"Arkitekttjenester vedrørende byggverk";"Architectural design services for buildings"
"71.113";"Landskapsarkitekttjenester";"Landscape architectural services"
"71.121";"Byggeteknisk konsulentvirksomhet";"Civil engineering activities"
"71.122";"Geologiske undersøkelser";"Geological surveying"
"71.129";"Annen teknisk konsulentvirksomhet";"Other technical consulting activities"
"71.200";"Teknisk prøving og analyse";"Technical testing and analysis"
"72.110";"Forskning og utviklingsarbeid innen bioteknologi";"Research and experimental development on biotechnology"
"72.190";"Annen forskning og annet utviklingsarbeid innen naturvitenskap og teknikk";"Other research and experimental development on natural sciences and engineering"
"72.200";"Forskning og utviklingsarbeid innen samfunnsvitenskap og humanistiske fag";"Research and experimental development on social sciences and humanities"
"73.110";"Reklamebyråer";"Advertising agencies"
"73.120";"Medieformidlingstjenester";"Media representation"
"73.200";"Markeds- og opinionsundersøkelser";"Market research and public opinion polling"
"74.101";"Industridesign, produktdesign og annen teknisk designvirksomhet";"Industrial design, product design and other technical design"
"74.102";"Grafisk og visuell kommunikasjonsdesign";"Graphic and communication design"
"74.103";"Interiørarkitekt, interiørdesign og interiørkonsulentvirksomhet";"Interior decorator, interior design and other interior advising services"
"74.200";"Fotografvirksomhet";"Photographic activities"
"74.300";"Oversettelses- og tolkevirksomhet";"Translation and interpretation activities"
"74.901";"Takseringsvirksomhet";"Appraisal activities"
"74.902";"Modellbyråvirksomhet";"Model agencies activities"
"74.903";"Impresariovirksomhet";"Impresario activities"
"74.909";"Annen faglig, vitenskapelig og teknisk virksomhet ikke nevnt annet sted";"Other professional, scientific and technical activities ne.e.c."
"75.000";"Veterinærtjenester";"Veterinary activities"
"77.110";"Utleie og leasing av biler og andre lette motorvogner";"Renting and leasing of cars and light motor vehicles"
"77.120";"Utleie og leasing av lastebiler";"Renting and leasing of trucks"
"77.210";"Utleie og leasing av sports- og fritidsutstyr";"Renting and leasing of recreational and sports goods"
"77.220";"Utleie av videofilm, DVD og lignende";"Renting of video tapes and disks"
"77.290";"Utleie og leasing av andre husholdningsvarer og varer til personlig bruk";"Renting and leasing of other personal and household goods"
"77.310";"Utleie og leasing av landbruksmaskiner og -utstyr";"Renting and leasing of agricultural machinery and equipment"
"77.320";"Utleie og leasing av bygge- og anleggsmaskiner og -utstyr";"Renting and leasing of construction and civil engineering machinery and equipment"
"77.330";"Utleie og leasing av kontor- og datamaskiner";"Renting and leasing of office machinery and equipment (including computers)"
"77.340";"Utleie og leasing av sjøtransportmateriell";"Renting and leasing of water transport equipment"
"77.350";"Utleie og leasing av lufttransportmateriell";"Renting and leasing of air transport equipment"
"77.390";"Utleie og leasing av andre maskiner og annet utstyr og materiell ikke nevnt annet sted";"Renting and leasing of other machinery, equipment and tangible goods n.e.c."
"77.400";"Leasing av immateriell eiendom og lignende produkter, unntatt opphavsrettsbeskyttede verker";"Leasing of intellectual property and similar products, except copyrighted works"
"78.100";"Rekruttering og formidling av arbeidskraft";"Activities of employment placement agencies"
"78.200";"Utleie av arbeidskraft";"Temporary employment agency activities"
"78.300";"Andre personaladministrative tjenester";"Other human resources provision"
"79.110";"Reisebyråvirksomhet";"Travel agency activities"
"79.120";"Reisearrangørvirksomhet";"Tour operator activities"
"79.901";"Turistkontorvirksomhet og destinasjonsselskaper";"Tourist offices"
"79.902";"Guider og reiseledere";"Tour guides and leaders"
"79.903";"Opplevelses-, arrangements- og aktivitetsarrangørvirksomhet";"Adventure, event and activities operators"
"79.909";"Turistrelaterte tjenester ikke nevnt annet sted";"Tourist related activities n.e.c."
"80.100";"Private vakttjenester";"Private security activities"
"80.200";"Tjenester tilknyttet vakttjenester";"Security systems service activities"
"80.300";"Etterforskning";"Investigation activities"
"81.101";"Vaktmestertjenester";"Caretaker services"
"81.109";"Andre kombinerte tjenester tilknyttet eiendomsdrift";"Other combined facilities support activities"
"81.210";"Rengjøring av bygninger";"General cleaning of buildings"
"81.220";"Utvendig rengjøring av bygninger og industriell rengjøring";"Other building and industrial cleaning activities"
"81.291";"Skadedyrkontroll";"Disifecting and exterminating activities"
"81.299";"Annen rengjøringsvirksomhet ikke nevnt annet sted";"Other cleaning activities n.e.c."
"81.300";"Beplantning av hager og parkanlegg";"Landscape service activities"
"82.110";"Kombinerte kontortjenester";"Combined office administrative service activities"
"82.190";"Fotokopiering, forberedelse av dokumenter og andre spesialiserte kontortjenester";"Photocopying, document preparation and other specialised office support activities"
"82.201";"Telefonvakttjenester";"Inbound call centres"
"82.202";"Telefonsalg";"Outbound call centres"
"82.300";"Kongress-, messe- og utstillingsvirksomhet";"Organization of conventions and trade shows"
"82.910";"Inkasso- og kredittopplysningsvirksomhet";"Activities of collection agencies and credit bureaus"
"82.920";"Pakkevirksomhet";"Packaging activities"
"82.990";"Annen forretningsmessig tjenesteyting ikke nevnt annet sted";"Other business support service activities n.e.c."
"84.110";"Generell offentlig administrasjon";"General public administration activities"
"84.120";"Offentlig administrasjon tilknyttet helsestell, sosial virksomhet, undervisning, kirke, kultur og miljøvern";"Regulation of the activities of providing health care, education, cultural services and other social services, excluding social security"
"84.130";"Offentlig administrasjon tilknyttet næringsvirksomhet og arbeidsmarked";"Regulation of and contribution to more efficient operation of businesses"
"84.210";"Utenrikssaker";"Foreign affairs"
"84.220";"Forsvar";"Defence activities"
"84.230";"Retts- og fengselsvesen";"Justice and judicial activities"
"84.240";"Politi- og påtalemyndighet";"Public order and safety activities"
"84.250";"Brannvern";"Fire service activities"
"84.300";"Trygdeordninger underlagt offentlig forvaltning";"Compulsory social security activities"
"85.100";"Førskoleundervisning";"Pre-primary education"
"85.201";"Ordinær grunnskoleundervisning";"General primary education"
"85.202";"Spesialskoleundervisning for funksjonshemmede";"Special education for handicapped"
"85.203";"Kompetansesentra og annen spesialundervisning";"Competance centre and other special needs education"
"85.310";"Videregående opplæring innen allmennfaglige studieretninger";"General secondary education"
"85.320";"Videregående opplæring innen tekniske og andre yrkesfaglige studieretninger";"Technical and vocational secondary education"
"85.410";"Undervisning ved fagskoler";"Post-secondary non-tertiary education"
"85.421";"Undervisning ved universiteter";"Education at universities"
"85.422";"Undervisning ved vitenskapelige høgskoler";"Education at specialised university institutions"
"85.423";"Undervisning ved statlige høgskoler";"Education at regional colleges"
"85.424";"Undervisning ved militære høgskoler";"Education at military colleges"
"85.429";"Undervisning ved andre høgskoler";"Education at other colleges"
"85.510";"Undervisning innen idrett og rekreasjon";"Sports and recreation education"
"85.521";"Kommunal kulturskoleundervisning";"Municipal cultural schools"
"85.522";"Undervisning i kunstfag";"Art education"
"85.529";"Annen undervisning innen kultur";"Other cultural education"
"85.530";"Trafikkskoleundervisning";"Driving school activities"
"85.591";"Folkehøgskoleundervisning";"Folk high school education"
"85.592";"Arbeidsmarkedskurs";"Labour market training"
"85.593";"Studieforbunds- og frivillige organisasjoners kurs";"Activities of adult education associations"
"85.594";"Voksenopplæringssentre";"Adult education centres"
"85.595";"Timelærervirksomhet";"Activities of part-time teachers"
"85.596";"Undervisning innen religion";"Religious education"
"85.599";"Annen undervisning ikke nevnt annet sted";"Other education"
"85.601";"Pedagogisk-psykologisk rådgivningstjeneste";"Educational and psychological counselling services"
"85.609";"Andre tjenester tilknyttet undervisning";"Other educational support services"
"86.101";"Alminnelige somatiske sykehus";"General hospitals"
"86.102";"Somatiske spesialsykehus";"Specialised hospitals"
"86.103";"Andre somatiske spesialinstitusjoner";"Other specialised health institutions"
"86.104";"Institusjoner i psykisk helsevern for voksne";"Mental health hospitals for adults"
"86.105";"Institusjoner i psykisk helsevern for barn og unge";"Mental health hospitals for children and adolescents"
"86.106";"Rusmiddelinstitusjoner";"Drug treatment units within specialist health services"
"86.107";"Rehabilitering- og opptreningsinstitusjoner";"Rehabilitation institutions"
"86.211";"Allmenn legetjeneste";"General practioners"
"86.212";"Somatiske poliklinikker";"Outpatient clinics"
"86.221";"Spesialisert legetjeneste, unntatt psykiatrisk legetjeneste";"Physicians, specialists other than psychiatrists"
"86.222";"Legetjenester innen psykisk helsevern";"Psychiatrists"
"86.223";"Poliklinikker i psykisk helsevern for voksne";"Outpatient mental health clinics for adults"
"86.224";"Poliklinikker i psykisk helsevern for barn og unge";"Outpatient mental health clinics for children and adolescents"
"86.225";"Rusmiddelpoliklinikker";"Outpatient clinics for alcoholics and drug addicts"
"86.230";"Tannhelsetjenester";"Dental practice activities"
"86.901";"Hjemmesykepleie";"Home nursing care"
"86.902";"Fysioterapitjeneste";"Physiotherapy services"
"86.903";"Helsestasjon og skolehelsetjeneste";"School health services and maternal and child health care"
"86.904";"Annen forebyggende helsetjeneste";"Other preventive health care"
"86.905";"Klinisk psykologtjeneste";"Psychologist services"
"86.906";"Medisinske laboratorietjenester";"Medical laboratories"
"86.907";"Ambulansetjenester";"Ambulance services"
"86.909";"Andre helsetjenester";"Other health services"
"87.101";"Somatiske spesialsykehjem";"Residential specialised nursing homes"
"87.102";"Somatiske sykehjem";"Residential nursing homes"
"87.201";"Psykiatriske sykehjem";"Residential nursing homes for the mentally retarded"
"87.202";"Omsorgsinstitusjoner for rusmiddelmisbrukere";"Residential institutions for alcoholics and drug addicts"
"87.203";"Bofellesskap for psykisk utviklingshemmede";"Dwellings for mentally retarded"
"87.301";"Aldershjem";"Residential care activity for the elderly"
"87.302";"Bofellesskap for eldre og funksjonshemmede med fast tilknyttet personell hele døgnet";"Dwellings with day and night accommodation for the elderly and disabled"
"87.303";"Bofellesskap for eldre og funksjonshemmede med fast tilknyttet personell deler av døgnet";"Dwellings with day accommodation for the elderly and disabled"
"87.304";"Avlastningsboliger/-institusjoner";"Dwellings for short-term stay for the disabled"
"87.305";"Barneboliger";"Sheltered accommodation for children"
"87.901";"Institusjoner innen barne- og ungdomsvern";"Child welfare institutions"
"87.909";"Omsorgsinstitusjoner ellers";"Other social care institutions"
"88.101";"Hjemmehjelp";"Home help"
"88.102";"Dagsentra/aktivitetssentra for eldre og funksjonshemmede";"Day care activities for elderly and disabled"
"88.103";"Eldresentre";"Centres for the elderly"
"88.911";"Barnehager";"Nursery schools"
"88.912";"Barneparker og dagmammaer";"Play groups and nurseries"
"88.913";"Skolefritidsordninger";"School-age child care"
"88.914";"Fritidsklubber for barn og ungdom";"Leisure time clubs activities for children and adolescents"
"88.991";"Barneverntjenester";"Child welfare care"
"88.992";"Familieverntjenester";"Family counselling services"
"88.993";"Arbeidstrening for ordinært arbeidsmarked";"Vocational rehabilitation activities for unemployed persons"
"88.994";"Varig tilrettelagt arbeid";"Individually adapted work"
"88.995";"Sosiale velferdsorganisasjoner";"Social welfare organizations activities"
"88.996";"Asylmottak";"Reception centres for asylum seekers"
"88.997";"Sosialtjenester for rusmiddelmisbrukere uten botilbud";"Social welfare services without accommodation for alcoholics and drug adicts"
"88.998";"Kommunale sosialkontortjenester";"Municipal social service offices activities"
"88.999";"Andre sosialtjenester uten botilbud";"Other social work activities without accommodation n.e.c."
"90.011";"Utøvende kunstnere og underholdningsvirksomhet innen musikk";"Performing artists and music entertainment activities"
"90.012";"Utøvende kunstnere og underholdningsvirksomhet innen scenekunst";"Performing artists and entertainment activities within dramatic art"
"90.019";"Utøvende kunstnere og underholdningsvirksomhet ikke nevnt annet sted";"Performing artists and other entertainment activities"
"90.020";"Tjenester tilknyttet underholdningsvirksomhet";"Support activities to performing arts"
"90.031";"Selvstendig kunstnerisk virksomhet innen visuell kunst";"Independent artistic activity within visual art"
"90.032";"Selvstendig kunstnerisk virksomhet innen musikk";"Independent artistic activity within music"
"90.033";"Selvstendig kunstnerisk virksomhet innen scenekunst";"Independent artistic activity within dramatic art"
"90.034";"Selvstendig kunstnerisk virksomhet innen litteratur";"Independent artistic activity within literature"
"90.039";"Selvstendig kunstnerisk virksomhet ikke nevnt annet sted";"Other independent artistic activity"
"90.040";"Drift av lokaler tilknyttet kunstnerisk virksomhet";"Operation of arts facilities"
"91.011";"Drift av folkebiblioteker";"Public libraries activities"
"91.012";"Drift av fag- og forskningsbiblioteker";"Special and research libraries activities"
"91.013";"Drift av arkiver";"Archive activities"
"91.021";"Drift av kunst- og kunstindustrimuseer";"Art museums activities"
"91.022";"Drift av kulturhistoriske museer";"Social history museums activities"
"91.023";"Drift av naturhistoriske museer";"Natural history museums activities"
"91.029";"Drift av museer ikke nevnt annet sted";"Other museums activities"
"91.030";"Drift av historiske steder og bygninger og lignende severdigheter";"Operation of historical sites and buildings and similar visitor attractions"
"91.040";"Drift av botaniske og zoologiske hager og naturreservater";"Botanical and zoological gardens and nature reserves activities"
"92.000";"Lotteri og totalisatorspill";"Gambling and betting activities"
"93.110";"Drift av idrettsanlegg";"Operation of sports facilities"
"93.120";"Idrettslag og -klubber";"Activities of sport clubs"
"93.130";"Treningssentre";"Fitness facilities"
"93.190";"Andre sportsaktiviteter";"Other sports activities"
"93.210";"Drift av fornøyelses- og temaparker";"Activities of amusement parks and theme parks"
"93.291";"Opplevelsesaktiviteter";"Activities of adventure companies"
"93.292";"Fritidsetablissement";"Leisure establishments"
"93.299";"Fritidsvirksomhet ellers";"Other recreational activities n.e.c."
"94.110";"Næringslivs- og arbeidsgiverorganisasjoner";"Activities of business and employers membership organizations"
"94.120";"Yrkessammenslutninger";"Activities of professional membership organizations"
"94.200";"Arbeidstakerorganisasjoner";"Activities of trade unions"
"94.910";"Religiøse organisasjoner";"Activities of religious organizations"
"94.920";"Partipolitiske organisasjoner";"Activities of political organizations"
"94.991";"Aktiviteter i andre interesseorganisasjoner ikke nevnt annet sted";"Activities of other membership organizations"
"94.992";"Fond/legater som støtter veldedige og allmennyttige formål";"Charities which distribute means themselves"
"95.110";"Reparasjon av datamaskiner og tilleggsutstyr";"Repair of computers and peripheral equipment"
"95.120";"Reparasjon av kommunikasjonsutstyr";"Repair of communication equipment"
"95.210";"Reparasjon av elektronikk til husholdningsbruk";"Repair of consumer electronics"
"95.220";"Reparasjon av husholdningsvarer og hageredskaper";"Repair of household appliances and home and garden equipment"
"95.230";"Reparasjon av skotøy og lærvarer";"Repair of footwear and leather goods"
"95.240";"Reparasjon av møbler og boliginnredning";"Repair of furniture and home furnishings"
"95.250";"Reparasjon av ur, gull- og sølvvarer";"Repair of watches, clocks and jewellery"
"95.290";"Reparasjon av andre husholdningsvarer og varer til personlig bruk";"Repair of other personal and household goods"
"96.010";"Vaskeri- og renserivirksomhet";"Washing and (dry-)cleaning of textile and fur products"
"96.020";"Frisering og annen skjønnhetspleie";"Hairdressing and other beauty treatment"
"96.030";"Begravelsesbyråvirksomhet og drift av kirkegårder og krematorier";"Funeral and related activities"
"96.040";"Virksomhet knyttet til kroppspleie og fysisk velvære";"Physical well-being activities"
"96.090";"Personlig tjenesteyting ikke nevnt annet sted";"Other personal service activities n.e.c."
"97.000";"Lønnet arbeid i private husholdninger";"Activities of households as employers of domestic personnel"
"99.000";"Internasjonale organisasjoner og organer";"Activities of extraterritorial organizations and bodies"
